Country (or dependent territory),1980,1981,1982,1983,1984,1985,1986,1987,1988,1989,1990,1991,1992,1993,1994,1995,1996,1997,1998,1999,2000,2001,2002,2003,2004,2005,2006,2007,2008,2009,2010,2011,2012,2013,2014,2015,2016,2017,2018,2019
Afghanistan,,,,,,,,,,,,,,,,,,,,,,,19661.0,21792.0,22527.0,25982.0,28220.0,32848.0,34772.0,42198.0,46309.0,50334,59945,63784,69444,72056,70098,74712,77406,81873
Albania,5759.0,6663.0,7280.0,7649.0,8083.0,8214.0,8848.0,8994.0,9181.0,10476.0,9782.0,7281.0,6911.0,7754.0,8664.0,9633.0,10702.0,9697.0,10672.0,12217.0,13362.0,14796.0,15708.0,16904.0,18315.0,19933.0,21761.0,23686.0,25951.0,26994.0,28331.0,29655,30530,30604,32529,33595,34736,37609,40075,41678
Algeria,89746.0,101183.0,114311.0,125202.0,136986.0,149231.0,151931.0,154599.0,157010.0,170999.0,178817.0,182647.0,189798.0,190211.0,192526.0,204126.0,215762.0,221897.0,235839.0,246815.0,261998.0,275938.0,295932.0,323500.0,346468.0,378416.0,396663.0,421124.0,439329.0,449362.0,471208.0,494947,497330,497988,506135,477358,471382,485802,503376,516480
Andorra,,,,,,,,,,,,,,,,,,,,,2221.0,2456.0,2607.0,2890.0,3209.0,3488.0,3769.0,3931.0,3783.0,3606.0,3577.0,3651,3571,3563,3718,3784,4072,4215,4384,4552
Angola,10890.0,11396.0,12100.0,13102.0,14389.0,15364.0,16128.0,17201.0,18899.0,19649.0,19681.0,22805.0,25984.0,29518.0,33317.0,37541.0,42513.0,46392.0,49115.0,50893.0,53636.0,57151.0,65974.0,69288.0,78940.0,93652.0,107690.0,126095.0,142863.0,145013.0,153887.0,162539,186124,199866,220365,204604,204875,217805,218446,221164
Antigua and Barbuda,274.0,311.0,330.0,361.0,412.0,458.0,521.0,569.0,620.0,678.0,724.0,765.0,792.0,853.0,929.0,908.0,985.0,1057.0,1120.0,1177.0,1279.0,1248.0,1281.0,1385.0,1504.0,1652.0,1919.0,2155.0,2196.0,1946.0,1815.0,1816,1772,1720,1762,1770,1883,1893,2073,2210
Argentina,172522.0,177997.0,183044.0,197314.0,208525.0,200165.0,218786.0,229867.0,233316.0,225476.0,230785.0,263638.0,297418.0,323499.0,349671.0,346845.0,372716.0,409894.0,430468.0,421755.0,427907.0,418256.0,378498.0,420534.0,470303.0,527986.0,588077.0,658373.0,698222.0,661108.0,736799.0,797264,819698,849616,839897,867177,885228,1039331,1036859,1033371
Armenia,,,,,,,,,,,,,5605.0,4932.0,5309.0,5856.0,6271.0,6595.0,7088.0,7416.0,8027.0,8985.0,10477.0,12185.0,13822.0,16268.0,18983.0,22176.0,24172.0,20884.0,21600.0,23086,27009,28500,29231,29167,31429,35677,38437,42111
Aruba,,,,,,,741.0,882.0,1083.0,1262.0,1361.0,1519.0,1645.0,1807.0,1997.0,2090.0,2155.0,2346.0,2420.0,2488.0,2740.0,2918.0,2936.0,3027.0,3335.0,3426.0,3572.0,3782.0,3925.0,3489.0,3434.0,3624,3552,3799,3817,3893,3941,4098,4250,4235
Australia,155319.0,177030.0,188086.0,194526.0,214337.0,233179.0,243698.0,261944.0,282715.0,307388.0,323682.0,331280.0,347507.0,369618.0,396010.0,415788.0,441020.0,469115.0,496736.0,526187.0,554381.0,581686.0,615188.0,644771.0,689375.0,732515.0,775548.0,831767.0,870340.0,892363.0,924413.0,970480,983739,1083481,1111524,1113058,1174004,1232436,1297812,1346281
Austria,84657.0,92574.0,100169.0,107011.0,111241.0,117332.0,122496.0,127636.0,133406.0,144027.0,155910.0,166730.0,174100.0,179165.0,187387.0,196421.0,204814.0,212708.0,222806.0,233981.0,247359.0,256137.0,264425.0,272183.0,287133.0,302783.0,322907.0,343995.0,355712.0,344515.0,355061.0,373031,391635,406370,417060,431092,460236,479433,503552,519832
Azerbaijan,,,,,,,,,,,,,32738.0,25773.0,21145.0,18776.0,19603.0,21713.0,23276.0,26294.0,28564.0,31102.0,34568.0,38849.0,43583.0,57519.0,79730.0,102735.0,115795.0,127456.0,135166.0,135804,148340,161865,166329,144146,140230,139153,144615,150852
Bahamas,2658.0,2825.0,3188.0,3539.0,3754.0,4032.0,4220.0,4484.0,4747.0,5047.0,5291.0,5241.0,5155.0,5294.0,5577.0,5943.0,6308.0,6734.0,7131.0,7748.0,8252.0,8660.0,9032.0,9094.0,9421.0,10046.0,10617.0,11061.0,11011.0,10619.0,10912.0,11207,11713,11621,12323,12699,12977,13712,14428,14789
Bahrain,7326.0,8242.0,9312.0,10353.0,11176.0,11422.0,11708.0,11851.0,13000.0,13646.0,14653.0,15495.0,16977.0,18700.0,19713.0,20514.0,21568.0,22455.0,23809.0,25587.0,28003.0,29347.0,30802.0,33388.0,36677.0,40388.0,44327.0,49301.0,53382.0,55089.0,58169.0,60556,65875,67717,68276,62523,63831,71282,74240,77502
Bangladesh,40711.0,47053.0,51562.0,56051.0,60500.0,64750.0,68686.0,72448.0,76794.0,83235.0,90325.0,97305.0,104301.0,111389.0,118903.0,127187.0,136009.0,145693.0,154764.0,165452.0,178675.0,191532.0,203941.0,219978.0,239681.0,262776.0,289442.0,316641.0,340512.0,360908.0,387271.0,420989,473808,509208,553757,595349,650672,710584,785863,868972
Barbados,1513.0,1625.0,1641.0,1714.0,1839.0,1918.0,2057.0,2163.0,2317.0,2495.0,2503.0,2486.0,2398.0,2475.0,2578.0,2685.0,2843.0,3029.0,3178.0,3233.0,3453.0,3448.0,3529.0,3677.0,3829.0,4105.0,4472.0,4694.0,4817.0,4602.0,4551.0,4614,4344,4360,4322,4426,4559,4519,4600,4622
Belarus,,,,,,,,,,,,,50706.0,47963.0,43256.0,39268.0,41097.0,46585.0,51086.0,53544.0,57911.0,62009.0,66154.0,72205.0,82625.0,93270.0,105763.0,118003.0,132574.0,133648.0,145811.0,156715,171038,179366,179598,171204,168422,173630,183356,189336
Belgium,106129.0,115845.0,123735.0,128982.0,136933.0,143596.0,149157.0,156372.0,169533.0,182293.0,195048.0,205341.0,213235.0,216189.0,227933.0,238262.0,245830.0,259555.0,267626.0,281012.0,298059.0,308126.0,318270.0,327921.0,348748.0,368037.0,389074.0,414282.0,424115.0,418207.0,435357.0,451933,469721,487344,503621,521018,550622,575834,600130,621768
Belize,206.0,226.0,222.0,245.0,283.0,287.0,315.0,393.0,451.0,542.0,625.0,720.0,825.0,898.0,918.0,944.0,975.0,1027.0,1077.0,1188.0,1373.0,1475.0,1574.0,1755.0,1876.0,1972.0,2131.0,2200.0,2320.0,2340.0,2439.0,2538,2458,2498,2541,2612,2666,2703,2848,2950
Benin,3581.0,3996.0,4314.0,4393.0,4570.0,4919.0,5156.0,5174.0,5540.0,5593.0,6323.0,6813.0,7174.0,7773.0,8099.0,8769.0,9316.0,10020.0,10534.0,11148.0,12068.0,12998.0,13814.0,14572.0,15626.0,16392.0,17564.0,19118.0,20439.0,21047.0,21751.0,22860,24309,26709,29147,30531,32668,34023,37169,40431
Bhutan,194.0,241.0,277.0,309.0,345.0,371.0,409.0,503.0,600.0,662.0,749.0,812.0,848.0,896.0,936.0,1013.0,1093.0,1173.0,1258.0,1366.0,1494.0,1635.0,1818.0,2027.0,2224.0,2447.0,2703.0,3133.0,3543.0,3772.0,4180.0,4688,5194,5462,5871,6591,7270,7934,8435,8953
Bolivia,10681.0,11727.0,11961.0,11927.0,12333.0,12509.0,12433.0,13054.0,13908.0,15001.0,16284.0,17721.0,18423.0,19665.0,21023.0,22468.0,23877.0,25492.0,27075.0,27574.0,28906.0,30055.0,31282.0,32764.0,35048.0,37745.0,40776.0,43790.0,47373.0,49278.0,51928.0,55765,61453,69841,75554,77543,82736,94285,100615,104685
Bosnia and Herzegovina,,,,,,,,,,,,,,,,,11394.0,14239.0,16389.0,18406.0,19659.0,20577.0,21954.0,23251.0,25369.0,27273.0,29714.0,32342.0,34806.0,34743.0,35431.0,36495,37104,38975,39732,41195,44253,46394,49279,51581
Botswana,1785.0,2113.0,2600.0,2994.0,3304.0,3671.0,4067.0,4788.0,6118.0,6655.0,7510.0,8248.0,8419.0,8965.0,9085.0,9928.0,10699.0,11757.0,11975.0,13318.0,13890.0,14239.0,15338.0,16364.0,17258.0,18611.0,20789.0,23119.0,25033.0,23266.0,25562.0,27671,26702,29222,32797,31046,35938,35167,37440,39250
Brazil,570510.0,597009.0,637674.0,640115.0,698418.0,777425.0,852913.0,905479.0,939886.0,1007999.0,1002131.0,1046710.0,1065567.0,1141707.0,1228298.0,1309441.0,1362871.0,1433434.0,1454471.0,1481867.0,1581938.0,1640061.0,1716479.0,1770328.0,1922557.0,2046341.0,2193060.0,2389039.0,2558893.0,2572051.0,2798926.0,2970631,2998535,3133894,3187155,3014755,2939095,3018706,3145951,3247416
Brunei,,,,,,13137.0,13030.0,13394.0,13816.0,14674.0,15389.0,16410.0,17583.0,18054.0,19020.0,20288.0,21255.0,21302.0,21422.0,22387.0,23547.0,24738.0,26097.0,27384.0,28261.0,29261.0,31400.0,31035.0,30396.0,30009.0,31203.0,33044,35210,33885,33344,25949,23633,25891,26523,28042
Bulgaria,47017.0,54193.0,59958.0,64175.0,69550.0,73041.0,78460.0,84180.0,89240.0,92276.0,87018.0,80285.0,75196.0,68029.0,66935.0,67245.0,62969.0,54963.0,57964.0,53913.0,57771.0,61327.0,65991.0,70760.0,77340.0,85472.0,94102.0,102983.0,111345.0,108277.0,110191.0,115129,118702,120521,126862,131703,142682,151814,160247,169140
Burkina Faso,2564.0,2881.0,3102.0,3184.0,3352.0,3849.0,4239.0,4333.0,4746.0,5038.0,5195.0,5858.0,6006.0,6361.0,6582.0,7104.0,8031.0,8686.0,9425.0,10259.0,10690.0,11653.0,12350.0,13577.0,14565.0,16323.0,17879.0,19117.0,20614.0,21361.0,23443.0,25515,26835,28735,29761,31033,35340,39238,42880,46135
Burundi,1283.0,1576.0,1655.0,1784.0,1851.0,2135.0,2249.0,2431.0,2643.0,2784.0,2988.0,3268.0,3376.0,3240.0,3183.0,2992.0,2803.0,2863.0,3033.0,3112.0,3239.0,3367.0,3500.0,3657.0,3897.0,4195.0,4558.0,4843.0,5176.0,5408.0,5753.0,6109,6386,7069,7649,8551,8358,8375,8714,9033
Cape Verde,226.0,268.0,293.0,333.0,359.0,402.0,422.0,451.0,495.0,543.0,568.0,595.0,627.0,689.0,752.0,826.0,897.0,982.0,1077.0,1222.0,1340.0,1454.0,1555.0,1705.0,1837.0,2004.0,2255.0,2529.0,2749.0,2731.0,2805.0,2977,2940,2964,2979,3146,3358,3571,3822,4111
Cambodia,,,,,,,,4241.0,4813.0,5168.0,5422.0,6030.0,6604.0,7034.0,7772.0,8409.0,9068.0,9594.0,10156.0,11608.0,13007.0,14439.0,15629.0,17293.0,19593.0,22885.0,26133.0,29580.0,32164.0,32398.0,34743.0,37972,42401,45764,48654,52598,57942,62891,69203,75410
Cameroon,10334.0,13241.0,15122.0,16790.0,18695.0,20850.0,22714.0,22775.0,21724.0,22176.0,21589.0,21479.0,21298.0,21114.0,21027.0,22177.0,23693.0,25382.0,26924.0,28413.0,30089.0,32111.0,33993.0,36247.0,39744.0,41819.0,44600.0,48051.0,50681.0,52127.0,54559.0,57992,61350,66290,72250,75965,81471,87321,93039,98227
Canada,288709.0,327094.0,336235.0,358492.0,393376.0,425039.0,442898.0,472338.0,510559.0,542874.0,564117.0,571030.0,589301.0,619320.0,660978.0,693018.0,717134.0,760722.0,799257.0,852366.0,916809.0,954244.0,998365.0,1036411.0,1097084.0,1167744.0,1235488.0,1295165.0,1333258.0,1302543.0,1358930.0,1430807,1468095,1554123,1621397,1594899,1678387,1776855,1863502,1932147
Central African Republic,1006.0,1243.0,1273.0,1243.0,1416.0,1515.0,1657.0,1698.0,1788.0,1928.0,2028.0,2079.0,2022.0,2045.0,2351.0,2477.0,2367.0,2506.0,2619.0,2733.0,2695.0,2827.0,2932.0,2922.0,2998.0,3182.0,3436.0,3672.0,3840.0,3973.0,4207.0,4475,4889,3285,3216,3536,3862,4195,4460,4674
Chad,1858.0,1814.0,2029.0,2439.0,2660.0,2960.0,3200.0,3399.0,3784.0,4009.0,4293.0,4900.0,5131.0,5144.0,5542.0,5615.0,5838.0,6275.0,6787.0,6835.0,6929.0,7911.0,8716.0,10196.0,13991.0,15629.0,16216.0,17199.0,18066.0,18934.0,21767.0,22246,22192,20808,23012,25683,24494,24028,25169,26377
Chile,38406.0,44651.0,40968.0,41379.0,45396.0,47753.0,51441.0,56182.0,62402.0,71726.0,77143.0,85905.0,97643.0,106676.0,114469.0,127206.0,138437.0,151267.0,159634.0,161145.0,173588.0,183359.0,191982.0,203779.0,224320.0,244638.0,268116.0,288887.0,304927.0,302007.0,323438.0,350360,374116,394270,404578,407610,413339,436911,463980,477076
China,302760.0,348305.0,403112.0,464138.0,553986.0,648661.0,718609.0,822540.0,946918.0,1025381.0,1105115.0,1248742.0,1459551.0,1701521.0,1964285.0,2225450.0,2491030.0,2768307.0,3019394.0,3297109.0,3657469.0,4050989.0,4489109.0,5036463.0,5694740.0,6542261.0,7601315.0,8918947.0,9961922.0,10972761.0,12282959.0,13735671,15137455,16277355,17200686,17880337,18701703,19814058,21656955,23356236
Colombia,78513.0,87898.0,94215.0,99445.0,106487.0,113267.0,122277.0,132029.0,142240.0,152864.0,165375.0,175024.0,186805.0,202152.0,217098.0,233181.0,242333.0,254967.0,259306.0,251905.0,265147.0,275670.0,286976.0,304107.0,328924.0,355205.0,390760.0,428361.0,450911.0,458972.0,485367.0,529875,553768,591783,625019,630400,672094,700092,735198,772904
Comoros,322.0,372.0,411.0,440.0,475.0,504.0,525.0,550.0,598.0,617.0,687.0,666.0,732.0,768.0,753.0,812.0,823.0,874.0,884.0,921.0,932.0,1005.0,1068.0,1111.0,1176.0,1282.0,1298.0,1343.0,1423.0,1479.0,1553.0,1651,1818,1955,2063,2107,2278,2468,2619,2712
Democratic Republic of the Congo,20274.0,22402.0,23678.0,24952.0,27105.0,28092.0,30010.0,31574.0,32839.0,33697.0,32662.0,30914.0,28311.0,25079.0,24041.0,25223.0,25188.0,23613.0,22954.0,22392.0,21036.0,21058.0,22017.0,23704.0,25980.0,28439.0,30876.0,33696.0,36480.0,37762.0,40932.0,44655,46214,53768,62685,69036,75927,86267,93465,99313
Republic of the Congo,3061.0,3438.0,3738.0,3978.0,4219.0,4455.0,4651.0,4877.0,6155.0,7757.0,8129.0,8689.0,9259.0,9603.0,9671.0,10265.0,10818.0,10894.0,12003.0,11724.0,13399.0,13040.0,13374.0,13701.0,14041.0,15815.0,17605.0,16885.0,18294.0,20553.0,22866.0,23856,28576,28056,28096,22531,19019,21679,21121,21406
Costa Rica,8195.0,8768.0,8631.0,9226.0,10326.0,10729.0,11551.0,12401.0,13279.0,14582.0,15672.0,16569.0,18505.0,20288.0,21658.0,23031.0,23769.0,25503.0,27636.0,29206.0,31023.0,32830.0,34481.0,36679.0,39330.0,42177.0,46664.0,51862.0,55361.0,55229.0,58889.0,62759,67139,71160,77049,82853,90838,97896,102857,107059
Ivory Coast,20664.0,23410.0,24906.0,25234.0,25622.0,27384.0,29276.0,29850.0,31255.0,33439.0,34312.0,35487.0,36205.0,36996.0,37851.0,40798.0,44925.0,48315.0,51268.0,52831.0,52910.0,54168.0,54095.0,54413.0,56561.0,59339.0,62097.0,64901.0,67828.0,70482.0,72768.0,70672,78215,86354,97907,108069,112610,118051,129200,139706
Croatia,,,,,,,,,,,,,38797.0,36539.0,39522.0,43027.0,46389.0,50325.0,51839.0,52077.0,55254.0,58170.0,62431.0,67251.0,71925.0,77377.0,83747.0,90369.0,93846.0,87531.0,87417.0,89056,90339,92861,93503,96730,103833,110450,116263,121725
Cyprus,3008.0,3393.0,3829.0,4190.0,4725.0,5106.0,5395.0,5923.0,6642.0,7461.0,8313.0,8658.0,9684.0,9983.0,10798.0,12118.0,12494.0,13045.0,13998.0,14905.0,16152.0,17168.0,18085.0,18926.0,20411.0,22073.0,23826.0,25717.0,27167.0,26790.0,27658.0,28346,27503,26182,25644,26976,30414,32720,35257,36991
Czech Republic,,,,,,,,,,,,,,,,146309.0,155730.0,157594.0,158800.0,163266.0,173645.0,182961.0,188729.0,199351.0,214557.0,235894.0,259628.0,281498.0,294603.0,282683.0,293046.0,304401,307490,324030,342100,357600,381382,412903,436289,457548
Denmark,60799.0,66113.0,72780.0,77592.0,83746.0,89854.0,96155.0,98783.0,102259.0,106951.0,112587.0,118021.0,123075.0,126002.0,135551.0,142585.0,149414.0,156945.0,162224.0,169360.0,179690.0,185250.0,189016.0,193495.0,203990.0,215313.0,230640.0,239023.0,242362.0,231950.0,239122.0,247352,250525,262368,270331,278823,297689,320054,334223,347395
Djibouti,,,,,,,,,,,,1653.0,1700.0,1623.0,1635.0,1611.0,1579.0,1587.0,1607.0,1677.0,1727.0,1798.0,1885.0,1983.0,2093.0,2226.0,2405.0,2594.0,2798.0,2861.0,3016.0,3303,3436,3625,3857,4207,4385,4638,5152,5638
Dominica,124.0,151.0,167.0,178.0,192.0,201.0,219.0,239.0,267.0,277.0,302.0,317.0,331.0,346.0,353.0,372.0,390.0,406.0,426.0,433.0,453.0,463.0,457.0,496.0,525.0,545.0,588.0,642.0,701.0,697.0,710.0,723,706,721,776,793,852,839,889,973
Dominican Republic,13730.0,15672.0,16923.0,18400.0,19303.0,19490.0,20583.0,23226.0,24563.0,26650.0,26139.0,27279.0,31031.0,34106.0,35740.0,38564.0,41618.0,46097.0,49746.0,53443.0,57202.0,59929.0,63599.0,63982.0,67388.0,76054.0,85593.0,94426.0,99325.0,100907.0,110637.0,116474,118183,125424,136976,151560,167506,175941,192722,206081
Ecuador,26044.0,29620.0,31828.0,32148.0,34707.0,37380.0,39312.0,37879.0,43327.0,45154.0,48253.0,52435.0,55568.0,58023.0,61786.0,64503.0,66821.0,70915.0,74056.0,71540.0,73960.0,78663.0,83162.0,87112.0,96795.0,105113.0,113128.0,118730.0,128699.0,130258.0,136471.0,150267,159560,175196,186847,179310,181967,195011,202244,205887
Egypt,88533.0,99039.0,112832.0,127657.0,142874.0,158336.0,169211.0,180805.0,194656.0,208343.0,221218.0,233503.0,239541.0,252329.0,268511.0,286433.0,305909.0,329603.0,358454.0,385714.0,415688.0,440032.0,461126.0,485244.0,518659.0,558844.0,615515.0,676955.0,739310.0,778822.0,828753.0,860900,958660,992022,985262,1064236,1057087,1062266,1145440,1230730
El Salvador,10106.0,10429.0,10375.0,10947.0,11494.0,11930.0,12194.0,12809.0,13510.0,14175.0,15416.0,16176.0,17706.0,19180.0,20509.0,21930.0,22514.0,23620.0,24520.0,25403.0,26271.0,27099.0,27955.0,28953.0,29995.0,31774.0,34176.0,35753.0,37214.0,36671.0,37893.0,40156,40804,43093,45534,48056,51095,54006,56630,59162
Equatorial Guinea,89.0,104.0,112.0,123.0,128.0,150.0,149.0,159.0,169.0,174.0,185.0,189.0,257.0,291.0,347.0,448.0,696.0,1756.0,2217.0,2841.0,6117.0,10009.0,12159.0,14192.0,19002.0,21207.0,23282.0,27565.0,33095.0,33754.0,31111.0,33830,38743,37423,37816,28095,24861,28459,27322,26148
Eritrea,,,,,,,,,,,,,1694.0,1957.0,2417.0,2525.0,2807.0,3081.0,3177.0,3227.0,2893.0,3217.0,3365.0,3340.0,3480.0,3681.0,3758.0,3915.0,3214.0,3629.0,4071.0,5224,5425,4943,6594,5312,5744,5247,6073,6419
Estonia,,,,,,,,,,,,,,11205.0,11257.0,11741.0,12547.0,14428.0,15224.0,15373.0,17307.0,18760.0,20342.0,22320.0,24479.0,27651.0,31288.0,34569.0,33423.0,28717.0,29772.0,32598,34385,36198,38050,38389,41197,44663,47621,50458
Eswatini,1010.0,1182.0,1273.0,1316.0,1397.0,1469.0,1777.0,2003.0,2231.0,2536.0,2890.0,3041.0,3211.0,3389.0,3544.0,3793.0,4011.0,4207.0,4365.0,4557.0,4742.0,4900.0,5195.0,5503.0,5855.0,6401.0,6994.0,7501.0,7708.0,7879.0,8276.0,8638,8922,9465,9633,9728,9698,9457,9913,10317
Ethiopia,10496.0,11489.0,12316.0,13803.0,13971.0,12768.0,14287.0,16672.0,17359.0,17957.0,19113.0,18334.0,17081.0,19823.0,20952.0,22701.0,26245.0,27455.0,26602.0,28675.0,32210.0,35373.0,36499.0,36437.0,41793.0,48535.0,55786.0,64054.0,72594.0,80366.0,89953.0,102289,112533,122434,148487,167119,194652,215094,237196,263259
Fiji,1709.0,1983.0,2082.0,2073.0,2364.0,2347.0,2552.0,2427.0,2600.0,3077.0,3377.0,3397.0,3687.0,3872.0,4157.0,4354.0,4647.0,4613.0,4726.0,5209.0,5237.0,5457.0,5719.0,5878.0,6362.0,6476.0,6803.0,6924.0,7127.0,7073.0,7372.0,7729,8283,8942,9832,10782,11020,11784,12525,12692
Finland,45540.0,50493.0,55268.0,59226.0,63335.0,67649.0,70892.0,75231.0,81943.0,89488.0,93033.0,90518.0,89531.0,91046.0,96676.0,102866.0,108591.0,117460.0,125264.0,132593.0,143425.0,150483.0,155438.0,161682.0,172649.0,183014.0,196259.0,212244.0,218010.0,201691.0,210619.0,220471,221286,225680,228059,232930,246904,262075,271400,279966
France,577983.0,639613.0,695400.0,732070.0,771208.0,808393.0,843227.0,886787.0,959978.0,1042227.0,1113979.0,1162525.0,1206655.0,1228309.0,1283855.0,1340063.0,1383547.0,1439750.0,1508628.0,1580049.0,1681925.0,1754335.0,1801638.0,1852686.0,1951598.0,2047419.0,2166062.0,2278489.0,2324835.0,2274591.0,2344241.0,2446475,2474005,2608524,2662033,2719224,2863816,2997297,3125387,3239760
Gabon,6630.0,6967.0,7701.0,8163.0,8872.0,9683.0,9671.0,8384.0,8983.0,10776.0,11755.0,12896.0,12783.0,13602.0,14409.0,15443.0,16295.0,17528.0,18341.0,16936.0,16994.0,17750.0,18061.0,18730.0,19448.0,19901.0,20123.0,21976.0,22785.0,22409.0,24100.0,26345,26868,27464,28956,28630,28685,30987,31995,33842
Gambia,724.0,717.0,919.0,1085.0,1038.0,1110.0,1159.0,1221.0,1286.0,1394.0,1528.0,1614.0,1680.0,1786.0,1762.0,1859.0,1948.0,2009.0,2164.0,2335.0,2520.0,2725.0,2678.0,2918.0,3208.0,3230.0,3312.0,3505.0,3795.0,4074.0,4367.0,4095,4191,4166,4103,4311,4446,4589,5038,5447
Georgia,,,,,,,,,,,,,,,8430.0,8831.0,9937.0,11171.0,11648.0,12151.0,12655.0,13562.0,14527.0,16452.0,17872.0,20200.0,22785.0,26345.0,27499.0,26665.0,28656.0,31405,36640,39451,43054,45036,47930,50663,54385,58116
Germany,855295.0,937245.0,987315.0,1041928.0,1110043.0,1170245.0,1222667.0,1271318.0,1365314.0,1474374.0,1617093.0,1755564.0,1830039.0,1855111.0,1940192.0,2011395.0,2064932.0,2138041.0,2205789.0,2279076.0,2398385.0,2493790.0,2527570.0,2559339.0,2659156.0,2762460.0,2956298.0,3126729.0,3217262.0,3053452.0,3219486.0,3415020,3487234,3628559,3807115,3890125,4164749,4411728,4566190,4696684
Ghana,12858.0,13546.0,13189.0,12853.0,14565.0,15992.0,17324.0,18935.0,20871.0,22674.0,24368.0,26395.0,28204.0,30251.0,31981.0,34033.0,36308.0,39075.0,41494.0,43985.0,46599.0,49472.0,52564.0,56341.0,60980.0,66811.0,72878.0,77898.0,86544.0,92048.0,100391.0,116773,133277,140883,151592,144984,142203,148983,161999,175629
Greece,84245.0,90780.0,95300.0,97964.0,103537.0,109495.0,112275.0,112455.0,121413.0,130967.0,135869.0,144821.0,149154.0,150247.0,156525.0,163163.0,170907.0,181649.0,190849.0,199483.0,212000.0,225731.0,238244.0,257023.0,277280.0,287690.0,313327.0,332332.0,337569.0,325123.0,310824.0,285079,275156,284524,290196,289223,296000,307521,319776,331540
Grenada,192.0,213.0,236.0,253.0,272.0,298.0,326.0,365.0,389.0,419.0,453.0,475.0,482.0,484.0,503.0,525.0,558.0,596.0,673.0,731.0,785.0,786.0,826.0,922.0,941.0,1099.0,1088.0,1185.0,1220.0,1146.0,1154.0,1187,1200,1286,1420,1551,1657,1798,1921,1969
Guatemala,19183.0,21133.0,21644.0,21923.0,22830.0,23411.0,23906.0,25374.0,27291.0,29480.0,31531.0,33576.0,35920.0,38022.0,40193.0,42842.0,44848.0,47491.0,50235.0,52828.0,55375.0,57981.0,61385.0,64234.0,67917.0,72193.0,78570.0,85574.0,90410.0,91564.0,95265.0,101567,107165,112026,118754,127566,130131,133883,141635,149744
Guinea,2740.0,3018.0,3262.0,3434.0,3608.0,3908.0,4111.0,4351.0,4789.0,5176.0,5602.0,5936.0,6270.0,6742.0,7162.0,7654.0,8142.0,8712.0,9131.0,9612.0,10076.0,10680.0,11407.0,11777.0,12376.0,13147.0,13891.0,15196.0,16128.0,15982.0,16857.0,18173,18497,19731,20122,20799,24400,29177,31773,34168
Guinea-Bissau,439.0,478.0,529.0,531.0,581.0,625.0,631.0,683.0,721.0,771.0,836.0,928.0,978.0,1024.0,1077.0,1144.0,1209.0,1303.0,1022.0,1211.0,1252.0,1341.0,1412.0,1436.0,1492.0,1639.0,1735.0,1827.0,1947.0,2007.0,2145.0,2367,2307,2386,2510,3050,3288,3832,4055,4313
Guyana,1885.0,2075.0,2008.0,1847.0,1954.0,2023.0,2059.0,2107.0,2051.0,2026.0,2039.0,2235.0,2463.0,2728.0,3023.0,3242.0,3564.0,3850.0,3827.0,3997.0,4032.0,4216.0,4331.0,4388.0,4576.0,4628.0,5015.0,5513.0,5729.0,5957.0,6292.0,6772,7916,8370,8360,8594,8714,9307,9952,10673
Haiti,10024.0,11088.0,11444.0,11714.0,12161.0,12641.0,12930.0,13193.0,13735.0,14112.0,14575.0,15259.0,15255.0,14848.0,13405.0,15040.0,15950.0,16664.0,17219.0,17935.0,18501.0,18853.0,19348.0,20417.0,20689.0,21993.0,23073.0,24812.0,25960.0,27665.0,26415.0,28339,28318,30706,31283,31002,33431,34631,36049,36076
Honduras,5113.0,5738.0,6008.0,6186.0,6688.0,7188.0,7386.0,8025.0,8691.0,9422.0,9784.0,10444.0,11283.0,12270.0,12369.0,13143.0,13863.0,14806.0,15407.0,15510.0,17017.0,17875.0,18835.0,20080.0,21904.0,23958.0,26319.0,28703.0,30491.0,29940.0,31431.0,33314,34844,36446,39876,43955,47719,52444,55762,58265
Hong Kong,36082.0,43126.0,47112.0,51902.0,59154.0,61461.0,69660.0,80945.0,90932.0,96650.0,104107.0,113765.0,123613.0,134389.0,145545.0,152124.0,161506.0,172670.0,164341.0,170835.0,188093.0,193410.0,199678.0,209842.0,234222.0,259414.0,286226.0,312965.0,325754.0,319779.0,345525.0,369685,373483,385448,396044,411294,419811,442388,465849,466217
Hungary,67745.0,76280.0,83295.0,87182.0,92730.0,95420.0,98835.0,105383.0,109028.0,114138.0,114269.0,104085.0,103195.0,105032.0,110437.0,115618.0,117832.0,123631.0,129899.0,135774.0,145070.0,154382.0,164221.0,174303.0,187614.0,201708.0,216314.0,222698.0,229371.0,215375.0,220410.0,229348,230214,242367,253001,263642,273898,291996,315114,335639
Iceland,2480.0,2830.0,3070.0,3122.0,3368.0,3589.0,3891.0,4327.0,4476.0,4664.0,4895.0,5049.0,4990.0,5175.0,5476.0,5598.0,5961.0,6413.0,6963.0,7345.0,7886.0,8387.0,8566.0,8922.0,9876.0,10810.0,11847.0,13196.0,13747.0,12774.0,12562.0,13059,13472,14378,15059,16281,17938,19267,20693,21576
India,371871.0,431502.0,474089.0,528563.0,568564.0,617360.0,659873.0,703008.0,797869.0,878470.0,961777.0,1004812.0,1084054.0,1162464.0,1266355.0,1390841.0,1523236.0,1612250.0,1731227.0,1904198.0,2024745.0,2172728.0,2292813.0,2523801.0,2794959.0,3150250.0,3548305.0,4001378.0,4236785.0,4625515.0,5161394.0,5618382,6153153,6477517,6781022,7159796,7735002,8276933,9028307,9561228
Indonesia,189710.0,223449.0,242586.0,262655.0,292747.0,313799.0,343129.0,374724.0,415013.0,470468.0,532011.0,599111.0,652732.0,721363.0,792324.0,875433.0,961158.0,1023683.0,899317.0,919204.0,986830.0,1045827.0,1109917.0,1185929.0,1279028.0,1394231.0,1516315.0,1656103.0,1813468.0,1910902.0,2057206.0,2229512,2413435,2535041,2622252,2647707,2744897,2894126,3116589,3331536
Iran,246320.0,246549.0,296046.0,350020.0,326810.0,330184.0,306394.0,323298.0,302927.0,331190.0,405705.0,464615.0,485218.0,502959.0,506051.0,521946.0,564538.0,571115.0,588575.0,598710.0,654318.0,674452.0,755196.0,841148.0,901487.0,959415.0,1038468.0,1153516.0,1178586.0,1198089.0,1282789.0,1344086,1204869,1168173,1180245,1066589,1114815,1172665,1128326,1070593
Iraq,,,,,,,,,,,,,,,,,,,79244.0,100251.0,98072.0,93694.0,87735.0,162639.0,256161.0,268620.0,292521.0,306100.0,337640.0,351286.0,378271.0,415269,483559,515106,490962,369519,346956,405430,434638,468122
Ireland,25259.0,28344.0,30545.0,31509.0,33693.0,35435.0,36302.0,38554.0,41110.0,45121.0,50418.0,52979.0,56126.0,58786.0,63580.0,71141.0,79030.0,89032.0,97920.0,109749.0,122784.0,132210.0,142188.0,149358.0,163775.0,178600.0,193280.0,209036.0,203486.0,194345.0,200132.0,206473,213241,221160,238003,324658,339965,375332,419001,447468
Israel,27613.0,31653.0,34088.0,36339.0,38483.0,41467.0,43803.0,48249.0,51731.0,54522.0,60314.0,65233.0,71494.0,75948.0,83009.0,92931.0,100335.0,106071.0,111768.0,117389.0,130723.0,133806.0,135626.0,139892.0,150708.0,161898.0,176535.0,192369.0,202840.0,206474.0,220833.0,237916,251921,276637,282342,297227,323490,341474,363558,384027
Italy,614396.0,676266.0,719171.0,754246.0,805012.0,852233.0,892952.0,943103.0,1015697.0,1089857.0,1153057.0,1209208.0,1245704.0,1264579.0,1318382.0,1382137.0,1425275.0,1476385.0,1520035.0,1566513.0,1662671.0,1733306.0,1764791.0,1802118.0,1876837.0,1951525.0,2047765.0,2134379.0,2154383.0,2053690.0,2113984.0,2173170,2172382,2187375,2200257,2241524,2420428,2529502,2614318,2668735
Jamaica,6149.0,7028.0,7692.0,8325.0,8708.0,8902.0,9717.0,10724.0,10659.0,11598.0,12618.0,13154.0,13827.0,14468.0,15054.0,15757.0,16083.0,16092.0,16077.0,16463.0,16967.0,17571.0,17965.0,18992.0,19760.0,20561.0,21810.0,22723.0,22970.0,22328.0,22272.0,23059,23269,24136,24568,25418,26720,28040,29235,30047
Japan,1068091.0,1218353.0,1336487.0,1437751.0,1556708.0,1689973.0,1781351.0,1911765.0,2113466.0,2303045.0,2506131.0,2679432.0,2763735.0,2814583.0,2899875.0,3038574.0,3191182.0,3278059.0,3272846.0,3307878.0,3476344.0,3568390.0,3625525.0,3753838.0,3938870.0,4135674.0,4321794.0,4504455.0,4534630.0,4303871.0,4534092.0,4629401,4799614,5021591,5034456,5200905,5159726,5248419,5403826,5501303
Jordan,8355.0,10547.0,11785.0,12276.0,13430.0,13691.0,14731.0,15507.0,16388.0,15098.0,15830.0,16764.0,19423.0,20507.0,22002.0,23910.0,24510.0,25998.0,27151.0,28311.0,30188.0,32365.0,35171.0,37269.0,41376.0,46265.0,51927.0,57595.0,62776.0,66352.0,68704.0,72051,74340,79417,81884,87705,90249,97892,102169,106030
Kazakhstan,,,,,,,,,,,,,120338.0,111856.0,99874.0,93606.0,95797.0,99106.0,98317.0,102394.0,114976.0,133438.0,148798.0,165846.0,186647.0,211173.0,240981.0,269521.0,283754.0,288999.0,313824.0,344049,369966,417452,427478,407416,423833,448473,478013,508459
Kenya,17552.0,20001.0,22310.0,23553.0,24793.0,26619.0,29051.0,31499.0,34596.0,37590.0,40609.0,42544.0,43044.0,44022.0,46101.0,49085.0,52057.0,53173.0,55375.0,57390.0,58894.0,62617.0,63899.0,67082.0,72075.0,78546.0,85710.0,94057.0,96083.0,99897.0,109592.0,117598,125523,141004,156802,176338,192816,211109,228319,243980
Kiribati,54.0,59.0,63.0,64.0,67.0,66.0,68.0,70.0,80.0,80.0,82.0,85.0,88.0,91.0,95.0,96.0,99.0,103.0,111.0,111.0,120.0,121.0,128.0,133.0,134.0,145.0,150.0,157.0,157.0,159.0,159.0,165,176,187,189,211,224,230,245,259
South Korea,82705.0,97089.0,111684.0,131582.0,150716.0,167670.0,190420.0,219958.0,255012.0,283756.0,323453.0,370433.0,402360.0,440224.0,491301.0,549830.0,604078.0,652411.0,625913.0,707517.0,789105.0,846037.0,925599.0,973574.0,1051667.0,1131379.0,1227687.0,1333989.0,1400534.0,1420683.0,1535597.0,1625275,1684563,1726903,1792600,1933849,2026536,2105893,2218889,2309266
Kosovo,,,,,,,,,,,,,,,,,,,,,7579.0,8122.0,8357.0,8989.0,9605.0,10282.0,10980.0,12218.0,12679.0,13219.0,13820.0,14725,15320,16009,16393,17125,17886,18860,20047,21413
Kuwait,46029.0,40850.0,39252.0,42932.0,46812.0,46236.0,51207.0,56746.0,52844.0,69137.0,52912.0,32269.0,60336.0,83465.0,92593.0,96112.0,98457.0,102652.0,107600.0,107165.0,114734.0,117564.0,122995.0,147167.0,167381.0,190024.0,210619.0,229271.0,239462.0,223944.0,221263.0,247607,276884,275264,258671,181157,176815,206275,216343,218998
Kyrgyzstan,,,,,,,,,,,,,9142.0,8142.0,6668.0,6439.0,7021.0,7851.0,8107.0,8522.0,9190.0,9897.0,10049.0,10968.0,12054.0,12410.0,13190.0,14704.0,16120.0,16691.0,16812.0,18184,20288,23124,24987,25107,28459,31280,33136,35280
Laos,1734.0,2190.0,2435.0,2606.0,2874.0,3235.0,3459.0,3511.0,3558.0,4064.0,4498.0,4836.0,5292.0,5735.0,6336.0,6925.0,7537.0,8197.0,8644.0,9119.0,9925.0,10633.0,11534.0,12488.0,13745.0,15160.0,17027.0,18860.0,20725.0,22396.0,24482.0,26987,31202,34600,39000,41583,46850,50445,54899,58480
Latvia,,,,,,,,,,,,,15926.0,14445.0,15078.0,15074.0,15744.0,17435.0,18749.0,19534.0,21110.0,22951.0,24959.0,27598.0,30749.0,35114.0,40536.0,45806.0,45131.0,38944.0,37675.0,40946,43550,45914,47459,49375,52334,55672,59296,61580
Lebanon,16426.0,18079.0,12134.0,15473.0,23162.0,29701.0,28247.0,33788.0,25112.0,15085.0,13549.0,19358.0,20689.0,22662.0,25005.0,27187.0,28803.0,32285.0,33921.0,34124.0,35281.0,37483.0,39362.0,40821.0,45060.0,46799.0,48990.0,54999.0,61137.0,67825.0,74114.0,76310,82065,88558,94099,98682,104309,109403,110157,103960
Lesotho,621.0,701.0,785.0,840.0,908.0,968.0,1028.0,1076.0,1200.0,1316.0,1436.0,1555.0,1690.0,1796.0,1917.0,2012.0,2150.0,2263.0,2320.0,2390.0,2564.0,2708.0,2794.0,2965.0,3117.0,3315.0,3568.0,3848.0,4069.0,4110.0,4372.0,4688,4795,5407,5926,6402,6225,5563,5638,5650
Liberia,,,,,,,,,,,,,,,,,,,,,2590.0,2721.0,2886.0,2090.0,2232.0,2437.0,2725.0,3165.0,3423.0,3624.0,3900.0,4288,4773,5647,5922,5624,6283,7203,7467,7409
Libya,108353.0,94836.0,102224.0,101224.0,96167.0,99810.0,90260.0,78895.0,87867.0,97886.0,105327.0,125937.0,125313.0,123455.0,128532.0,114959.0,120146.0,121476.0,122379.0,124678.0,132196.0,132790.0,133566.0,153931.0,165115.0,190507.0,209152.0,228452.0,190641.0,186129.0,194350.0,66148,148702,99491,53661,48497,51056,69056,83347,96026
Lithuania,,,,,,,,,,,,,,,,24879.0,26662.0,29376.0,31927.0,32007.0,33942.0,36972.0,40083.0,45193.0,49455.0,54950.0,60845.0,69430.0,72612.0,62233.0,64021.0,69298,73809,79034,82647,83784,88692,95675,101817,108135
Luxembourg,5703.0,6292.0,6750.0,7147.0,7755.0,8448.0,9479.0,10097.0,11338.0,12937.0,14135.0,15876.0,16533.0,17636.0,18701.0,19367.0,20020.0,21575.0,23234.0,25545.0,28329.0,29701.0,31316.0,32454.0,34529.0,36742.0,39837.0,44332.0,44604.0,42933.0,45563.0,47691,48646,51940,56354,59097,64400,67280,71031,73963
Macau,,,,,,,,,,,,,,,,,,,,,,15714.0,17381.0,19788.0,25730.0,28680.0,33524.0,39414.0,41532.0,42331.0,53602.0,66543,75588,88663,90217,70042,70432,78559,85637,84877
Madagascar,8867.0,8755.0,9119.0,9562.0,10081.0,10520.0,10942.0,11345.0,12145.0,13135.0,14053.0,13612.0,14087.0,14724.0,15032.0,15605.0,16233.0,17123.0,17994.0,19105.0,20408.0,22116.0,19674.0,22025.0,23805.0,25719.0,27944.0,30338.0,32996.0,31886.0,32469.0,33667,34211,35257,36702,37486,39997,40515,42807,45495
Malawi,3298.0,3421.0,3723.0,4012.0,4380.0,4725.0,4810.0,5009.0,5350.0,5635.0,6179.0,6945.0,6583.0,7392.0,6771.0,7869.0,8813.0,9555.0,9765.0,10254.0,10567.0,10365.0,10712.0,11546.0,12499.0,13312.0,14368.0,16173.0,17743.0,19343.0,20922.0,22393,22415,24722,24747,24133,25100,26013,27804,29844
Malaysia,46347.0,54253.0,61028.0,67382.0,75233.0,76932.0,79385.0,85732.0,97576.0,110589.0,125061.0,141635.0,157735.0,177453.0,197938.0,221953.0,248624.0,271442.0,254298.0,273692.0,304161.0,312623.0,334612.0,360969.0,395799.0,428524.0,466415.0,509194.0,544035.0,539233.0,586796.0,630696,677647,701700,745387,750777,783874,829297,890231,946385
Maldives,243.0,287.0,327.0,355.0,432.0,507.0,561.0,626.0,705.0,801.0,797.0,881.0,959.0,1035.0,1137.0,1246.0,1384.0,1554.0,1726.0,1877.0,2011.0,2127.0,2292.0,2931.0,3191.0,2859.0,3717.0,4111.0,4588.0,4283.0,4650.0,5153,5438,6140,6957,7628,8279,8964,9924,10808
Mali,3840.0,4012.0,3768.0,4042.0,4289.0,4568.0,4944.0,5192.0,5378.0,6187.0,7016.0,7810.0,7863.0,8336.0,8838.0,9294.0,10153.0,10823.0,11265.0,12138.0,12405.0,14635.0,15325.0,17052.0,17783.0,19539.0,21081.0,22408.0,23927.0,25208.0,26892.0,28340,28185,29823,32435,35447,39327,41593,44608,47569
Malta,1845.0,2074.0,2205.0,2351.0,2455.0,2593.0,2746.0,2974.0,3289.0,3661.0,3974.0,4351.0,4810.0,5118.0,5468.0,5966.0,6318.0,6739.0,7046.0,7416.0,7508.0,7587.0,7903.0,8388.0,8625.0,9196.0,9718.0,10457.0,11066.0,11010.0,11760.0,12061,12703,13757,14924,16674,18122,20692,22488,24203
Marshall Islands,,,,,,,,,,,,,,,,,,103.0,104.0,104.0,108.0,118.0,124.0,125.0,128.0,135.0,139.0,147.0,140.0,145.0,157.0,159,158,167,169,173,177,187,197,214
Mauritania,,,,,,,,,,,5495.0,5681.0,5914.0,6409.0,6346.0,7115.0,7667.0,7484.0,7778.0,8496.0,8348.0,8468.0,8719.0,9507.0,10224.0,11448.0,13965.0,14060.0,14282.0,14388.0,14942.0,15889,16420,18036,16883,16995,19569,21878,23415,25215
Mauritius,1928.0,2235.0,2503.0,2611.0,2834.0,3125.0,3499.0,3950.0,4367.0,4740.0,5271.0,5691.0,6200.0,6670.0,7094.0,7553.0,8121.0,8731.0,9365.0,9745.0,10782.0,11380.0,11745.0,12694.0,13595.0,14225.0,15326.0,16641.0,17874.0,18585.0,19632.0,20857,21304,22487,23312,24280,26155,27082,28771,30169
Mexico,404343.0,480331.0,507355.0,508842.0,545189.0,574732.0,568252.0,592337.0,621094.0,671949.0,733175.0,789918.0,836529.0,879797.0,942990.0,902193.0,980940.0,1066175.0,1133852.0,1181490.0,1267975.0,1291299.0,1310902.0,1356110.0,1447108.0,1526933.0,1644803.0,1727961.0,1781237.0,1697898.0,1806252.0,1911319,2012768,2064491,2173228,2230644,2383390,2472586,2587222,2628855
Federated States of Micronesia,,,,,,,,,,,,,,,,217.0,215.0,205.0,213.0,219.0,235.0,246.0,251.0,260.0,259.0,272.0,280.0,282.0,281.0,286.0,296.0,312,312,306,304,321,327,343,352,362
Moldova,,,,,,,,,,,,,13089.0,13238.0,9343.0,9403.0,9010.0,9312.0,8805.0,8625.0,9006.0,9771.0,10697.0,11628.0,12824.0,14218.0,15360.0,16248.0,17851.0,16888.0,18304.0,19772,21055,23961,25218,26233,29732,32101,34281,36186
Mongolia,2955.0,3505.0,4032.0,4433.0,4864.0,5303.0,5920.0,6281.0,6837.0,7402.0,7489.0,7030.0,6524.0,6467.0,6746.0,7327.0,7628.0,8062.0,8425.0,8806.0,9109.0,9746.0,10419.0,11407.0,12817.0,14079.0,15698.0,17534.0,19267.0,18990.0,20623.0,24692,28890,30402,32507,32285,32833,35222,38677,41400
Montenegro,,,,,,,,,,,,,,,,,,,,,5002.0,5171.0,5351.0,5594.0,5996.0,6444.0,7214.0,7913.0,8646.0,8196.0,8519.0,8974,8604,9237,9558,10164,11324,12263,13194,13976
Morocco,28990.0,30855.0,35913.0,37111.0,40118.0,44004.0,48616.0,48551.0,55498.0,59039.0,63719.0,70628.0,70722.0,71862.0,81168.0,78391.0,89703.0,89825.0,97412.0,99853.0,104068.0,114202.0,119602.0,129233.0,139068.0,148151.0,164290.0,174689.0,188585.0,197848.0,207866.0,223316,226124,236670,229402,247207,253685,264213,279042,291441
Mozambique,2436.0,2800.0,2768.0,2424.0,2349.0,2447.0,2439.0,2867.0,3211.0,3554.0,3724.0,4102.0,3938.0,4459.0,4852.0,5066.0,5736.0,6495.0,7220.0,8178.0,8462.0,9699.0,10765.0,11733.0,13001.0,14300.0,16170.0,17891.0,19569.0,20938.0,22568.0,24745,25746,27733,29941,34918,37951,36776,38951,40565
Myanmar,,,,,,,,,,,,,,,,,,,35372.0,38895.0,44715.0,51423.0,57409.0,66268.0,78470.0,91911.0,107354.0,124038.0,135972.0,142844.0,152146.0,163804,184501,198338,209644,216278,213835,225517,245693,266971
Namibia,,,,,,,,,,,5485.0,5973.0,6676.0,6723.0,7073.0,7519.0,7901.0,8376.0,8749.0,9171.0,9707.0,10163.0,11011.0,11619.0,12722.0,13734.0,14717.0,15665.0,16389.0,16543.0,17753.0,19044,20502,21744,23796,24615,24588,24438,25299,25596
Nauru,,,,,,,,,,,,,,,,,,,,,,,,,35.0,36.0,40.0,32.0,40.0,43.0,49.0,55,62,83,107,112,116,112,121,125
Nepal,6725.0,7975.0,8788.0,8860.0,10069.0,11026.0,11761.0,12257.0,13666.0,14816.0,16083.0,17686.0,18832.0,20020.0,22128.0,23376.0,25074.0,26848.0,27949.0,29614.0,32137.0,34711.0,35294.0,37411.0,40214.0,42918.0,45730.0,48569.0,52522.0,55255.0,58612.0,61877,67618,72735,79300,80943,81509,98516,108558,117856
Netherlands,164978.0,179659.0,188313.0,199127.0,212748.0,225305.0,237026.0,247382.0,267848.0,290823.0,314312.0,332908.0,345905.0,358579.0,377257.0,395848.0,417182.0,442741.0,468626.0,499144.0,531888.0,556532.0,566430.0,578520.0,605831.0,637618.0,680046.0,724769.0,754712.0,731693.0,750418.0,777881,792042,827476,830319,852113,890399,948182,993753,1031310
New Zealand,28526.0,32150.0,35119.0,36448.0,40354.0,42134.0,43761.0,45936.0,47820.0,49905.0,51784.0,52829.0,54411.0,58613.0,63206.0,67690.0,71735.0,74765.0,75838.0,80412.0,85732.0,89909.0,95622.0,101650.0,109352.0,116343.0,123440.0,131146.0,133417.0,132657.0,136612.0,142016,144378,157752,167201,170546,185199,197299,208915,217801
Nicaragua,6186.0,7134.0,7513.0,8167.0,8330.0,8242.0,8323.0,8468.0,7680.0,7846.0,8129.0,8390.0,8616.0,8785.0,9421.0,10187.0,11032.0,11667.0,12237.0,13282.0,14140.0,14887.0,15233.0,15925.0,17221.0,18522.0,19820.0,21389.0,22548.0,21945.0,23189.0,25166,26490,27950,30356,32945,35895,38335,37930,37190
Niger,4074.0,4452.0,4829.0,4825.0,4158.0,4620.0,5013.0,5141.0,5688.0,5968.0,6110.0,6289.0,6561.0,6739.0,7010.0,7333.0,7475.0,7720.0,8585.0,8687.0,8776.0,9626.0,10257.0,10688.0,11015.0,12194.0,13316.0,14105.0,15487.0,15893.0,17464.0,18247,20574,20822,21910,22907,23871,25137,27592,29745
Nigeria,,,,,,,,,,,173963.0,178853.0,186942.0,194375.0,199036.0,207014.0,219347.0,229568.0,237945.0,242557.0,261742.0,285481.0,332274.0,371029.0,420772.0,464382.0,510909.0,563115.0,615232.0,670896.0,755404.0,808786,836150,897506,971492,982912,973442,990700,1033870,1075606
North Macedonia,,,,,,,,,,,,,11570.0,10956.0,10989.0,11096.0,11435.0,11789.0,12325.0,13042.0,13943.0,13819.0,14244.0,14848.0,15960.0,17238.0,18683.0,20429.0,21961.0,22022.0,23035.0,24064,24559,26270,27776,28760,31370,32458,34191,35907
Norway,60566.0,67356.0,71686.0,77452.0,85105.0,92671.0,98359.0,102559.0,105904.0,111200.0,117591.0,125318.0,132755.0,139768.0,149970.0,159478.0,170563.0,182673.0,189577.0,196118.0,206989.0,216044.0,222584.0,229043.0,244527.0,258817.0,273206.0,288991.0,295936.0,292689.0,298286.0,307472,327988,340138,338506,313315,308491,332135,343874,353008
Oman,12166.0,15594.0,18461.0,22244.0,26251.0,31014.0,32317.0,31794.0,34642.0,37074.0,41684.0,45698.0,50709.0,55100.0,58441.0,62549.0,65535.0,70783.0,73515.0,74799.0,81503.0,87075.0,87459.0,86807.0,90288.0,95438.0,103669.0,111211.0,122639.0,130968.0,135135.0,141481,155907,158880,156303,133780,129565,135696,140215,141546
Pakistan,70171.0,81578.0,93168.0,103389.0,111376.0,124903.0,135526.0,146948.0,161921.0,176362.0,191358.0,207972.0,228811.0,239147.0,254926.0,273446.0,296828.0,307088.0,321394.0,339553.0,360816.0,376203.0,393956.0,420716.0,464336.0,521799.0,569196.0,616944.0,660139.0,666766.0,692193.0,732180,752629,784863,827826,872097,898016,950382,1026937,1067019
Palau,,,,,,,,,,,,,,,,,,,,,160.0,176.0,187.0,183.0,196.0,209.0,214.0,223.0,215.0,201.0,202.0,216,222,223,238,264,268,264,277,280
Panama,6997.0,8364.0,9355.0,9285.0,9881.0,10697.0,11302.0,11372.0,10198.0,10763.0,12070.0,13653.0,15110.0,16312.0,17135.0,17801.0,19463.0,21082.0,22882.0,24105.0,25326.0,26041.0,27041.0,28740.0,31727.0,35072.0,39242.0,45184.0,50589.0,51546.0,55206.0,62728,70434,79815,89330,100479,112346,125038,132631,139108
Papua New Guinea,3179.0,3520.0,3768.0,4050.0,4155.0,4440.0,4786.0,5039.0,5369.0,5500.0,5527.0,6261.0,7289.0,8457.0,9543.0,9408.0,10212.0,9729.0,10299.0,10638.0,10608.0,10834.0,10985.0,12215.0,12616.0,13565.0,14338.0,15876.0,16133.0,17340.0,19326.0,19946,21265,22465,25985,27971,29803,31442,32103,34592
Paraguay,11131.0,13301.0,13926.0,14031.0,14947.0,16016.0,16382.0,17471.0,19150.0,21059.0,22747.0,24337.0,25314.0,27193.0,29251.0,31902.0,32998.0,34991.0,35409.0,35417.0,35381.0,35877.0,36428.0,38752.0,41407.0,43616.0,47124.0,51021.0,55377.0,55587.0,62497.0,66530,64335,72020,75594,76830,81617,86460,91362,92623
Peru,53843.0,62156.0,65783.0,61982.0,66659.0,70204.0,80287.0,88639.0,83119.0,74785.0,73635.0,77814.0,79158.0,85283.0,97826.0,107279.0,112302.0,121636.0,122524.0,126108.0,132440.0,136260.0,145931.0,155008.0,167063.0,183130.0,202994.0,226239.0,251621.0,256009.0,280674.0,304634,318033,337900,348886,355377,376168,399121,424907,441808
Philippines,92074.0,104235.0,114681.0,121406.0,116576.0,111475.0,117605.0,125710.0,138930.0,153338.0,163907.0,168711.0,173277.0,181254.0,193222.0,206398.0,222494.0,238069.0,239511.0,251014.0,267951.0,282342.0,297398.0,318695.0,348748.0,377462.0,409796.0,448308.0,476755.0,486760.0,528741.0,560551,612131,654004,699662,733864,798601,854095,929955,1004508
Poland,171568.0,169020.0,170766.0,187391.0,193443.0,207266.0,218828.0,229402.0,245293.0,264630.0,254847.0,245009.0,255686.0,272968.0,293405.0,319711.0,345877.0,376774.0,399996.0,423984.0,452059.0,467815.0,481964.0,508671.0,548352.0,585380.0,640441.0,704195.0,747842.0,773952.0,812553.0,868897,903837,934553,968368,1020667,1075284,1145324,1235465,1317238
Portugal,59193.0,67076.0,72761.0,76345.0,78276.0,82073.0,86505.0,95410.0,104049.0,115319.0,129037.0,137896.0,145453.0,147877.0,153285.0,160110.0,168755.0,179220.0,189951.0,200152.0,212498.0,221509.0,226696.0,229019.0,239373.0,248810.0,260655.0,274409.0,280564.0,273547.0,281646.0,282621,277992,292135,298952,307312,326331,340796,358879,375100
Puerto Rico,22184.0,24543.0,25264.0,26377.0,29329.0,30879.0,34073.0,36632.0,40392.0,44050.0,47426.0,50160.0,53645.0,57467.0,61151.0,65274.0,68007.0,72555.0,78154.0,82753.0,87397.0,97827.0,101508.0,105935.0,110940.0,112145.0,113976.0,115696.0,115740.0,114207.0,115102.0,117073,118421,119192,119065,118146,117009,114270,112142,115845
Qatar,20834.0,21917.0,21361.0,21015.0,25254.0,22658.0,23971.0,24785.0,26865.0,29398.0,26032.0,26502.0,29932.0,30368.0,31615.0,32394.0,34383.0,44680.0,49815.0,52420.0,57331.0,61261.0,66492.0,70507.0,86319.0,95963.0,126704.0,153799.0,184170.0,209562.0,249716.0,283716,311041,322985,317406,238529,220585,249963,259095,265773
Romania,111193.0,121835.0,134408.0,148052.0,162599.0,167573.0,175049.0,180814.0,186254.0,182332.0,178539.0,160717.0,149970.0,155869.0,165458.0,180986.0,191577.0,183084.0,176225.0,176653.0,185932.0,200041.0,214745.0,224110.0,254124.0,274328.0,305498.0,336451.0,374818.0,356407.0,346620.0,360566,378487,395318,411273,428249,478155,534707,571977,606240
Russia,,,,,,,,,,,,,1602609.0,1497860.0,1335563.0,1307660.0,1283560.0,1323738.0,1267082.0,1366548.0,1537897.0,1652594.0,1757977.0,1924417.0,2117874.0,2323559.0,2590557.0,2887648.0,3097461.0,2873513.0,3039017.0,3259319,3480299,3741783,3763535,3526236,3538582,3818781,4019767,4174861
Rwanda,2108.0,2364.0,2448.0,2698.0,3157.0,3400.0,3660.0,3739.0,3882.0,3804.0,3963.0,3921.0,4275.0,3922.0,2328.0,2960.0,3364.0,3932.0,4307.0,4513.0,5001.0,5548.0,6377.0,6648.0,7334.0,8273.0,9314.0,10298.0,11666.0,12473.0,13549.0,14932,15707,16686,18915,20516,21966,23665,26308,29315
Samoa,192.0,191.0,201.0,210.0,222.0,242.0,259.0,267.0,284.0,312.0,303.0,306.0,326.0,339.0,368.0,401.0,438.0,449.0,459.0,462.0,497.0,546.0,585.0,628.0,665.0,731.0,770.0,795.0,839.0,839.0,871.0,926,905,917,935,985,1075,1107,1110,1170
San Marino,,,,,,,,,,,,,,,,,,1149.0,1249.0,1380.0,1443.0,1557.0,1586.0,1681.0,1805.0,1906.0,2040.0,2244.0,2279.0,2061.0,1965.0,1834,1748,1740,1825,1850,1925,1982,2061,2147
São Tomé and Príncipe,138.0,136.0,148.0,148.0,144.0,163.0,156.0,155.0,164.0,176.0,179.0,187.0,192.0,199.0,208.0,217.0,224.0,230.0,238.0,248.0,254.0,266.0,277.0,301.0,321.0,355.0,399.0,423.0,466.0,481.0,519.0,553,557,638,747,765,790,811,855,890
Saudi Arabia,418074.0,466519.0,392661.0,342542.0,338361.0,314871.0,375858.0,359609.0,421094.0,435406.0,520329.0,618658.0,657989.0,664397.0,682380.0,698165.0,729701.0,750476.0,780881.0,762083.0,823191.0,831545.0,820697.0,930980.0,1032051.0,1123745.0,1190721.0,1245489.0,1348705.0,1329398.0,1413177.0,1586748,1672472,1680158,1722862,1541833,1475670,1565892,1642326,1677246
Senegal,6037.0,6943.0,7951.0,7822.0,8408.0,8958.0,9423.0,10245.0,10543.0,11393.0,11739.0,12446.0,12888.0,13366.0,13621.0,14754.0,15305.0,15992.0,17138.0,18419.0,19568.0,20871.0,21211.0,22840.0,24542.0,26403.0,27852.0,29413.0,31087.0,32147.0,33637.0,34794,36714,37797,40124,43318,46119,49402,53723,57092
Serbia,,,,,,,,,,,,,,,,,,,,,47453.0,50944.0,55420.0,59009.0,66075.0,75067.0,81336.0,88913.0,95743.0,93724.0,95544.0,99515,100380,104877,104603,105951,111920,116697,124856,132489
Seychelles,277.0,292.0,303.0,313.0,339.0,385.0,396.0,426.0,464.0,532.0,593.0,630.0,691.0,759.0,756.0,776.0,869.0,991.0,1027.0,1061.0,1132.0,1131.0,1162.0,1115.0,1113.0,1251.0,1411.0,1600.0,1596.0,1588.0,1703.0,1832,1904,2012,2183,2248,2430,2617,2716,2817
Sierra Leone,2777.0,3096.0,3346.0,3422.0,3606.0,3469.0,3544.0,3718.0,3928.0,4285.0,4517.0,4296.0,3970.0,4067.0,4299.0,3949.0,3024.0,2535.0,2542.0,2369.0,2515.0,3039.0,3901.0,4349.0,4761.0,5131.0,5513.0,6118.0,6572.0,6825.0,7277.0,7897,9434,11988,12544,11469,12300,12234,12960,13919
Singapore,22879.0,27752.0,31560.0,35601.0,40130.0,41141.0,42533.0,48291.0,55625.0,63678.0,72549.0,80019.0,87277.0,99587.0,113002.0,123679.0,135354.0,149143.0,147511.0,158152.0,176354.0,178400.0,188273.0,200697.0,226321.0,250596.0,281591.0,315293.0,327343.0,329839.0,382291.0,414967,435965,448140,461772,481405,501388,535131,567077,584987
Slovakia,,,,,,,,,,,,,,43952.0,47677.0,52509.0,57181.0,60753.0,63941.0,64773.0,67013.0,70752.0,75095.0,80789.0,87337.0,96041.0,107414.0,122266.0,131558.0,125177.0,134120.0,140805,145827,151588,157124,162322,161058,168048,178342,186092
Slovenia,,,,,,,,,,,,,22321.0,23489.0,25263.0,26850.0,28326.0,30270.0,31615.0,33769.0,35803.0,37787.0,39721.0,41704.0,44691.0,47843.0,52153.0,57301.0,60450.0,56245.0,57686.0,59391,59745,61745,63653,65283,70072,75777,81019,85149
Solomon Islands,223.0,240.0,250.0,270.0,280.0,280.0,285.0,317.0,332.0,360.0,382.0,418.0,482.0,513.0,567.0,637.0,659.0,664.0,680.0,687.0,602.0,566.0,559.0,607.0,665.0,724.0,783.0,840.0,905.0,935.0,1027.0,1125,1167,1251,1288,1319,1411,1514,1612,1660
Somalia,,,,,,,,,,,,,,,,,,,,,,,,,,,,,,,,13105,10156,9015,9864,11346,12230,12655,13320,13952
South Africa,,,,,,,,,,,,,,275983.0,290898.0,306205.0,325220.0,339429.0,344966.0,358222.0,381724.0,400863.0,422175.0,443204.0,475829.0,516648.0,562435.0,608599.0,640063.0,634257.0,661392.0,696526,698221,730518,741916,758901,772769,790171,821082,836715
South Sudan,,,,,,,,,,,,,,,,,,,,,,,,,,,,,,,,32402,14508,17633,17392,16179,12577,11185,11231,11532
Spain,294435.0,320976.0,345030.0,364466.0,384033.0,405533.0,427895.0,463512.0,505215.0,551298.0,593930.0,629524.0,649347.0,656004.0,685658.0,728891.0,760210.0,803210.0,848548.0,901338.0,968334.0,1029128.0,1073673.0,1127531.0,1193900.0,1276364.0,1369742.0,1457433.0,1498582.0,1451343.0,1471250.0,1489595,1483647,1512074,1558307,1621505,1733039,1843933,1931225,2006709
Sri Lanka,16339.0,18841.0,21051.0,22601.0,24991.0,27060.0,28786.0,29927.0,31818.0,33810.0,37241.0,42666.0,42271.0,46508.0,51318.0,55565.0,63464.0,71202.0,70818.0,73884.0,81918.0,82132.0,86520.0,93469.0,101204.0,110893.0,123081.0,134998.0,145774.0,151900.0,166048.0,183744,210688,223390,233895,242361,259190,269854,285340,296995
Saint Kitts and Nevis,130.0,146.0,165.0,168.0,190.0,209.0,232.0,257.0,294.0,324.0,355.0,375.0,395.0,426.0,459.0,485.0,523.0,571.0,583.0,615.0,690.0,743.0,765.0,749.0,800.0,905.0,963.0,995.0,1127.0,1096.0,1110.0,1151,1106,1162,1266,1272,1337,1404,1476,1574
Saint Lucia,285.0,328.0,356.0,385.0,430.0,500.0,583.0,621.0,733.0,830.0,946.0,982.0,1084.0,1116.0,1158.0,1203.0,1261.0,1274.0,1369.0,1425.0,1458.0,1440.0,1469.0,1562.0,1720.0,1767.0,1935.0,2026.0,2165.0,2139.0,2176.0,2328,2312,2396,2455,2430,2573,2701,2847,2896
Saint Vincent and the Grenadines,170.0,193.0,210.0,225.0,246.0,264.0,284.0,293.0,344.0,369.0,401.0,424.0,464.0,492.0,497.0,542.0,557.0,588.0,621.0,643.0,670.0,697.0,752.0,826.0,883.0,934.0,1037.0,1100.0,1139.0,1122.0,1098.0,1116,1134,1185,1231,1271,1364,1345,1407,1440
Sudan,20182.0,23487.0,25968.0,26577.0,25987.0,26641.0,29877.0,32595.0,35192.0,37093.0,38804.0,42934.0,46346.0,48749.0,51540.0,57283.0,61520.0,66371.0,72650.0,76794.0,85119.0,96495.0,103821.0,112528.0,121484.0,132370.0,145367.0,157858.0,167074.0,163491.0,171840.0,169773,137750,142298,168145,170584,220516,187695,187027,186226
Suriname,2187.0,2440.0,2427.0,2394.0,2406.0,2460.0,2449.0,2289.0,2625.0,2791.0,2852.0,2541.0,2701.0,2704.0,2568.0,2919.0,3305.0,3597.0,3718.0,3736.0,3817.0,4094.0,4314.0,4671.0,5147.0,5570.0,6073.0,6555.0,6958.0,7213.0,7677.0,8295,9148,9854,10226,9623,8509,10431,11209,11534
Sweden,87604.0,100245.0,107926.0,114461.0,123748.0,130630.0,137220.0,145258.0,154090.0,164389.0,171821.0,175673.0,177996.0,178882.0,189883.0,201494.0,208424.0,218528.0,230517.0,243693.0,261093.0,270845.0,281109.0,293278.0,314211.0,333329.0,359637.0,382059.0,387631.0,373185.0,400150.0,421516,432488,444617,457508,481300,500373,530433,553695,574794
Switzerland,114300.0,127127.0,133040.0,139034.0,148680.0,159157.0,165274.0,171996.0,183700.0,199431.0,214538.0,219921.0,224433.0,229306.0,237193.0,243552.0,249409.0,259379.0,270240.0,278647.0,296578.0,308244.0,313156.0,319081.0,336244.0,356685.0,382935.0,409256.0,428165.0,422057.0,440787.0,458588,479469,503702,525136,546988,570073,588151,619914,638861
Syria,18922.0,22465.0,24469.0,25835.0,25028.0,27704.0,26917.0,27928.0,32591.0,31814.0,36423.0,41694.0,48293.0,53100.0,57236.0,61605.0,64594.0,64991.0,69373.0,68155.0,71298.0,75587.0,81292.0,81208.0,89144.0,97654.0,105747.0,114767.0,122204.0,130259.0,136359.0,136359,136359,136359,136359,136359,136359,136359,136359,136359
Taiwan,61570.0,72180.0,80326.0,91004.0,103763.0,112190.0,127624.0,147456.0,164905.0,186319.0,204002.0,228557.0,253192.0,276854.0,303984.0,330526.0,357368.0,385528.0,406261.0,439720.0,478077.0,481996.0,516340.0,548775.0,602680.0,655041.0,714220.0,783772.0,805185.0,797275.0,889524.0,941367,973232,1015239,1066102,1102036,1112781,1143224,1203154,1260982
Tajikistan,,,,,,,,,,,,,8099.0,7370.0,5917.0,5286.0,5148.0,5325.0,5671.0,5963.0,6605.0,7442.0,8246.0,9267.0,10524.0,11581.0,12774.0,14143.0,15553.0,16263.0,17528.0,19216,21657,24570,27630,25288,26829,27389,30090,32926
Tanzania,10461.0,11508.0,12293.0,13081.0,14014.0,15122.0,16444.0,17845.0,19288.0,20806.0,23105.0,24381.0,25082.0,25987.0,26958.0,28505.0,30347.0,31958.0,33516.0,35634.0,38239.0,41446.0,45107.0,49165.0,54436.0,60281.0,65037.0,72449.0,77948.0,82670.0,88984.0,98013,95918,103322,108827,117377,127683,134162,146926,159979
Thailand,74669.0,86563.0,96832.0,106240.0,116415.0,125671.0,135296.0,151840.0,178083.0,207632.0,240438.0,269457.0,301035.0,334905.0,369414.0,407786.0,438723.0,433999.0,405379.0,429888.0,459213.0,485732.0,523636.0,572359.0,624687.0,671257.0,726346.0,786520.0,815436.0,814994.0,886760.0,912790,1008787,1049948,1059446,1087227,1146041,1205839,1286371,1339060
Timor-Leste,,,,,,,,,,,,,,,,,,,,,1120.0,1333.0,1263.0,1260.0,1299.0,1380.0,1364.0,1544.0,1752.0,1940.0,2149.0,2320,2629,2864,3195,3484,3817,3911,3962,4788
Togo,2714.0,2869.0,2933.0,2891.0,3172.0,3394.0,3575.0,3572.0,4073.0,4406.0,4840.0,4974.0,4925.0,4219.0,4909.0,5999.0,5872.0,6201.0,6128.0,6373.0,6454.0,6653.0,7016.0,7635.0,7763.0,7633.0,8077.0,8197.0,8694.0,9234.0,9915.0,10769,11214,11966,12793,13806,14676,15491,16649,17873
Tonga,67.0,83.0,100.0,110.0,164.0,178.0,198.0,206.0,206.0,216.0,235.0,257.0,253.0,259.0,270.0,297.0,303.0,306.0,317.0,328.0,349.0,362.0,384.0,392.0,394.0,405.0,408.0,409.0,437.0,417.0,425.0,463,476,486,505,516,555,585,600,616
Trinidad and Tobago,7566.0,8661.0,9545.0,8897.0,8688.0,8594.0,8479.0,8293.0,8249.0,8501.0,8952.0,9543.0,10746.0,10927.0,11558.0,12250.0,13364.0,14618.0,15983.0,17509.0,19141.0,20296.0,22087.0,25649.0,28267.0,30872.0,36338.0,38908.0,40957.0,39231.0,41077.0,41850,40430,40692,40459,37543,36353,36460,37355,37550
Tunisia,13755.0,15887.0,16788.0,18260.0,20004.0,21806.0,21922.0,23969.0,24832.0,26472.0,29405.0,31658.0,34972.0,36688.0,38831.0,40704.0,44291.0,47634.0,50561.0,54358.0,57980.0,61537.0,63322.0,67609.0,73753.0,78718.0,85402.0,93595.0,99432.0,103115.0,108018.0,108148,110825,112068,115567,114133,117101,120710,126949,130487
Turkey,159188.0,181854.0,199712.0,217406.0,240621.0,258800.0,282337.0,318331.0,336546.0,350629.0,397415.0,414661.0,449491.0,497151.0,480066.0,525373.0,572480.0,626189.0,652819.0,640415.0,700332.0,674933.0,729649.0,786931.0,887212.0,997317.0,1099523.0,1186190.0,1218790.0,1167440.0,1281037.0,1454112,1550688,1703670,1860471,2022940,2116184,2282304,2406459,2471299
Turkmenistan,,,,,,,,,,,,,17745.0,16349.0,13810.0,13084.0,12431.0,11216.0,12103.0,14298.0,17340.0,21346.0,25097.0,29967.0,35292.0,41146.0,47067.0,53684.0,62782.0,67060.0,77753.0,90266,93486,92651,98098,89733,83556,89247,92591,86971
Tuvalu,,,,,,,,,,,,,,,,,,,,,23.0,24.0,26.0,26.0,26.0,26.0,27.0,29.0,32.0,30.0,30.0,33,32,34,35,39,41,44,45,53
Uganda,5919.0,6729.0,7731.0,8427.0,8469.0,8475.0,8727.0,9301.0,10428.0,11530.0,12739.0,13404.0,14512.0,15849.0,17433.0,19431.0,21092.0,22447.0,24078.0,26360.0,28019.0,31162.0,33881.0,36677.0,39848.0,45210.0,49890.0,55370.0,62317.0,67777.0,73725.0,81034,77235,80260,84146,84760,86248,89784,97087,106448
Ukraine,,,,,,,,,,,,,331074.0,290793.0,228991.0,205270.0,188125.0,185628.0,184151.0,186372.0,201840.0,224549.0,240135.0,268138.0,307825.0,327321.0,363065.0,403452.0,420235.0,359066.0,378281.0,407226,425994,486365,461987,435490,475722,504188,534240,561196
United Arab Emirates,89965.0,106378.0,104832.0,103218.0,111703.0,112329.0,92511.0,99827.0,100636.0,121036.0,155152.0,163834.0,172754.0,176798.0,193869.0,210958.0,226293.0,249883.0,254695.0,267972.0,307829.0,318806.0,331800.0,368168.0,414257.0,448041.0,507273.0,537816.0,565750.0,539606.0,554800.0,605575,631707,647296,678339,601179,598811,637385,660376,695121
United Kingdom,494408.0,537436.0,581894.0,630058.0,667441.0,716938.0,754414.0,814761.0,891842.0,950707.0,993523.0,1015795.0,1043111.0,1094427.0,1160795.0,1215135.0,1268216.0,1354269.0,1420291.0,1487764.0,1574817.0,1654262.0,1716650.0,1808682.0,1899695.0,2017179.0,2135438.0,2244917.0,2281589.0,2201747.0,2274426.0,2351301,2439692,2560721,2667371,2772584,2896461,3032779,3144123,3246271
United States,2857325.0,3207025.0,3343800.0,3634025.0,4037650.0,4339000.0,4579625.0,4855250.0,5236425.0,5641600.0,5963125.0,6158125.0,6520325.0,6858550.0,7287250.0,7639750.0,8073125.0,8577550.0,9062825.0,9631175.0,10250950.0,10581925.0,10929100.0,11456450.0,12217175.0,13039200.0,13815600.0,14474250.0,14769850.0,14478050.0,15048975.0,15599725,16253950,16843225,17550675,18206025,18695100,19479625,20527150,21372600
Uruguay,13570.0,15136.0,14570.0,14644.0,15007.0,15710.0,17445.0,19295.0,20268.0,21296.0,22158.0,23718.0,26183.0,27516.0,30150.0,30337.0,32615.0,34852.0,36753.0,36166.0,36329.0,35861.0,33852.0,35324.0,37955.0,41809.0,44866.0,49093.0,53625.0,56258.0,61377.0,65887,66779,70438,74226,74939,76887,79077,81353,83098
Uzbekistan,,,,,,,,,,,,,51142.0,51150.0,49526.0,50110.0,51895.0,55535.0,58575.0,61954.0,65765.0,70071.0,74010.0,78640.0,86727.0,95708.0,106061.0,119275.0,132503.0,144154.0,156236.0,171483,180491,190612,199767,209082,216467,221561,239002,257168
Vanuatu,109.0,124.0,134.0,144.0,163.0,170.0,173.0,172.0,175.0,185.0,214.0,229.0,240.0,247.0,276.0,284.0,296.0,316.0,323.0,329.0,357.0,352.0,339.0,361.0,385.0,418.0,468.0,494.0,532.0,551.0,565.0,595,612,626,657,666,705,763,804,851
Venezuela,118828.0,128394.0,139933.0,131082.0,142906.0,148703.0,160920.0,172818.0,190559.0,170467.0,188284.0,213592.0,231698.0,237843.0,237216.0,251761.0,255863.0,276857.0,280797.0,267752.0,283914.0,300164.0,277846.0,261357.0,317449.0,361186.0,409088.0,456921.0,490261.0,477603.0,476148.0,506340,544830,561817,550033,520974,436529,375106,308707,204249
Vietnam,29158.0,33767.0,38776.0,43152.0,48464.0,52806.0,55678.0,58509.0,63662.0,71319.0,77722.0,85018.0,94521.0,104577.0,116246.0,130007.0,144752.0,159251.0,170328.0,180973.0,197635.0,216021.0,234921.0,257144.0,284615.0,315695.0,348145.0,383045.0,412493.0,437546.0,471247.0,511889,568401,607018,660612,700257,770872,851064,934110,1018806
Palestine,,,,,,,,,,,,,,,4967.0,5432.0,5599.0,6531.0,7551.0,8291.0,7754.0,7190.0,6390.0,7430.0,9302.0,10677.0,10897.0,11615.0,12717.0,13899.0,14878.0,16646,19950,20886,22996,25426,27536,28519,29558,30497
Yemen,,,,,,,,,,,24197.0,26590.0,29428.0,31331.0,34151.0,36844.0,39257.0,42023.0,45049.0,47409.0,51480.0,54642.0,57677.0,61020.0,65147.0,70947.0,75455.0,80081.0,84594.0,88427.0,96383.0,85876,85441,92756,94312,68589,62781,60729,62647,64661
Zambia,7806.0,9111.0,9392.0,9648.0,9825.0,10261.0,10645.0,11071.0,12524.0,12539.0,12933.0,13281.0,13863.0,14180.0,12556.0,13190.0,14267.0,15067.0,15177.0,16107.0,17114.0,18430.0,19561.0,21332.0,23445.0,25930.0,28842.0,32096.0,35255.0,38752.0,43256.0,46612,49509,53420,54506,54473,55712,58735,62565,64602
Zimbabwe,,,,,,,,,,,,,,,,,,,28696.0,28777.0,28184.0,28688.0,26890.0,22972.0,22110.0,21113.0,20990.0,20824.0,17759.0,19195.0,23249.0,27102,31161,34187,35496,37016,37953,34396,36920,35272
